epoch,steps,cosine_pearson,cosine_spearman
0.1,36,-0.41803603367716413,-0.2705970692951154
